USE db_linkEd;

-- =========================================================
-- RESET (safe re-run)
-- =========================================================
SET FOREIGN_KEY_CHECKS = 0;
TRUNCATE TABLE notifications;
TRUNCATE TABLE homework_student;
TRUNCATE TABLE homework_images;
TRUNCATE TABLE homework;
TRUNCATE TABLE tbl_fee_payments;
TRUNCATE TABLE tbl_student_fees;
TRUNCATE TABLE tbl_fee_structures;
TRUNCATE TABLE tbl_attendance;
TRUNCATE TABLE tbl_teacher_assignments;
TRUNCATE TABLE tbl_users;
TRUNCATE TABLE tbl_students;
TRUNCATE TABLE tbl_teachers;
TRUNCATE TABLE tbl_parents;
SET FOREIGN_KEY_CHECKS = 1;

-- =========================================================
-- TEACHERS (2)
-- =========================================================
INSERT INTO tbl_teachers (name, mobile, email) VALUES
('Mrs. Anjali Sharma','9800000001','teacher1@school.edu'),
('Mr. Rakesh Mehta','9800000002','teacher2@school.edu');

-- =========================================================
-- PARENTS (130)
-- =========================================================
INSERT INTO tbl_parents (father_name, mother_name, mobile, email, address) VALUES
('Rajesh Sharma','Sunita Sharma','9876500001','parent1@gmail.com','Mumbai'),
('Amit Patel','Neha Patel','9876500002','parent2@gmail.com','Pune'),
('Vikas Singh','Anita Singh','9876500003','parent3@gmail.com','Delhi'),
('Suresh Gupta','Meena Gupta','9876500004','parent4@gmail.com','Nagpur'),
('Rohit Verma','Kavita Verma','9876500005','parent5@gmail.com','Nashik'),
('Manoj Joshi','Pooja Joshi','9876500006','parent6@gmail.com','Chennai'),
('Arvind Rao','Lakshmi Rao','9876500007','parent7@gmail.com','Bhopal'),
('Imran Khan','Shabana Khan','9876500008','parent8@gmail.com','Jaipur'),
('Deepak Mehta','Rekha Mehta','9876500009','parent9@gmail.com','Hyderabad'),
('Karan Malhotra','Simran Malhotra','9876500010','parent10@gmail.com','Bengaluru'),
('Arun Mishra','Usha Mishra','9876500011','parent11@gmail.com','Kolkata'),
('Sanjay Yadav','Asha Yadav','9876500012','parent12@gmail.com','Ahmedabad'),
('Pradeep Tiwari','Mira Tiwari','9876500013','parent13@gmail.com','Surat'),
('Mahesh Dubey','Sushila Dubey','9876500014','parent14@gmail.com','Vadodara'),
('Ravi Pandey','Kalpana Pandey','9876500015','parent15@gmail.com','Rajkot'),
('Vijay Agarwal','Vandana Agarwal','9876500016','parent16@gmail.com','Indore'),
('Ramesh Saxena','Suman Saxena','9876500017','parent17@gmail.com','Lucknow'),
('Girish Chaudhary','Priya Chaudhary','9876500018','parent18@gmail.com','Kanpur'),
('Dinesh Srivastava','Swati Srivastava','9876500019','parent19@gmail.com','Agra'),
('Naresh Nair','Madhuri Nair','9876500020','parent20@gmail.com','Patna'),
('Ashok Pillai','Lata Pillai','9876500021','parent21@gmail.com','Ranchi'),
('Vinod Menon','Geeta Menon','9876500022','parent22@gmail.com','Raipur'),
('Pramod Iyer','Seeta Iyer','9876500023','parent23@gmail.com','Bhubaneswar'),
('Ajay Kumar','Rita Kumar','9876500024','parent24@gmail.com','Guwahati'),
('Anil Das','Nita Das','9876500025','parent25@gmail.com','Coimbatore'),
('Kamal Roy','Sarita Roy','9876500026','parent26@gmail.com','Madurai'),
('Lalit Ghosh','Varsha Ghosh','9876500027','parent27@gmail.com','Visakhapatnam'),
('Mohan Mukherjee','Deepa Mukherjee','9876500028','parent28@gmail.com','Thiruvananthapuram'),
('Harish Bose','Shobha Bose','9876500029','parent29@gmail.com','Kozhikode'),
('Rakesh Chatterjee','Nanda Chatterjee','9876500030','parent30@gmail.com','Mysuru'),
('Santosh Desai','Rohini Desai','9876500031','parent31@gmail.com','Mumbai'),
('Umesh Shah','Pushpa Shah','9876500032','parent32@gmail.com','Pune'),
('Prakash Modi','Kamla Modi','9876500033','parent33@gmail.com','Delhi'),
('Satish Bhatt','Sharda Bhatt','9876500034','parent34@gmail.com','Nagpur'),
('Govind Trivedi','Saroj Trivedi','9876500035','parent35@gmail.com','Nashik'),
('Ganesh Parikh','Devaki Parikh','9876500036','parent36@gmail.com','Chennai'),
('Hemant Kapoor','Parvati Kapoor','9876500037','parent37@gmail.com','Bhopal'),
('Yogesh Khanna','Gita Khanna','9876500038','parent38@gmail.com','Jaipur'),
('Nilesh Arora','Savita Arora','9876500039','parent39@gmail.com','Hyderabad'),
('Vivek Bhatia','Vimla Bhatia','9876500040','parent40@gmail.com','Bengaluru'),
('Sachin Chopra','Radha Chopra','9876500041','parent41@gmail.com','Kolkata'),
('Gaurav Dhawan','Yamuna Dhawan','9876500042','parent42@gmail.com','Ahmedabad'),
('Abhijit Thakur','Shanta Thakur','9876500043','parent43@gmail.com','Surat'),
('Vishal Rajput','Mangal Rajput','9876500044','parent44@gmail.com','Vadodara'),
('Devendra Rathore','Nirmala Rathore','9876500045','parent45@gmail.com','Rajkot'),
('Nitin Solanki','Puja Solanki','9876500046','parent46@gmail.com','Indore'),
('Vaibhav Chauhan','Diya Chauhan','9876500047','parent47@gmail.com','Lucknow'),
('Abhishek Jadeja','Rani Jadeja','9876500048','parent48@gmail.com','Kanpur'),
('Manish Panchal','Mamta Panchal','9876500049','parent49@gmail.com','Agra'),
('Mukesh Mistry','Tara Mistry','9876500050','parent50@gmail.com','Patna'),
('Anand Soni','Archana Soni','9876500051','parent51@gmail.com','Ranchi'),
('Sunil Jain','Bhavna Jain','9876500052','parent52@gmail.com','Raipur'),
('Kapil Mittal','Chhaya Mittal','9876500053','parent53@gmail.com','Bhubaneswar'),
('Pawan Bansal','Damini Bansal','9876500054','parent54@gmail.com','Guwahati'),
('Neeraj Goel','Ela Goel','9876500055','parent55@gmail.com','Coimbatore'),
('Shailesh Singhal','Fahmida Singhal','9876500056','parent56@gmail.com','Madurai'),
('Jitendra Kaur','Gauri Kaur','9876500057','parent57@gmail.com','Visakhapatnam'),
('Bharat Reddy','Hema Reddy','9876500058','parent58@gmail.com','Thiruvananthapuram'),
('Rajiv Naik','Jayashri Naik','9876500059','parent59@gmail.com','Kozhikode'),
('Rajan Patil','Kanchan Patil','9876500060','parent60@gmail.com','Mysuru'),
('Balaji Kulkarni','Leela Kulkarni','9876500061','parent61@gmail.com','Mumbai'),
('Chandrakant Deshpande','Malti Deshpande','9876500062','parent62@gmail.com','Pune'),
('Dattatray Gaikwad','Nalini Gaikwad','9876500063','parent63@gmail.com','Delhi'),
('Eknath Pawar','Padma Pawar','9876500064','parent64@gmail.com','Nagpur'),
('Farhan Shinde','Ranjana Shinde','9876500065','parent65@gmail.com','Nashik'),
('Gajanan Jadhav','Sudha Jadhav','9876500066','parent66@gmail.com','Chennai'),
('Jagdish More','Taramati More','9876500067','parent67@gmail.com','Bhopal'),
('Kishor Kale','Uma Kale','9876500068','parent68@gmail.com','Jaipur'),
('Laxman Bhosale','Vidya Bhosale','9876500069','parent69@gmail.com','Hyderabad'),
('Manohar Mane','Waheeda Mane','9876500070','parent70@gmail.com','Bengaluru'),
('Narayan Sawant','Yashodha Sawant','9876500071','parent71@gmail.com','Kolkata'),
('Omkar Salvi','Zeenat Salvi','9876500072','parent72@gmail.com','Ahmedabad'),
('Pandurang Naidu','Alka Naidu','9876500073','parent73@gmail.com','Surat'),
('Ramchandra Raju','Bharati Raju','9876500074','parent74@gmail.com','Vadodara'),
('Subhash Murthy','Chandrika Murthy','9876500075','parent75@gmail.com','Rajkot'),
('Tilak Swamy','Dipali Swamy','9876500076','parent76@gmail.com','Indore'),
('Upendra Hegde','Ekta Hegde','9876500077','parent77@gmail.com','Lucknow'),
('Wasim Shenoy','Fatima Shenoy','9876500078','parent78@gmail.com','Kanpur'),
('Yashwant Kamath','Gayatri Kamath','9876500079','parent79@gmail.com','Agra'),
('Zubair Nambiar','Hemlata Nambiar','9876500080','parent80@gmail.com','Patna'),
('Aaditya Varma','Indira Varma','9876500081','parent81@gmail.com','Ranchi'),
('Badri Unnithan','Jayanti Unnithan','9876500082','parent82@gmail.com','Raipur'),
('Chetan Krishnan','Kusum Krishnan','9876500083','parent83@gmail.com','Bhubaneswar'),
('Dinkar Subramaniam','Lilavati Subramaniam','9876500084','parent84@gmail.com','Guwahati'),
('Firoz Raghavan','Mayuri Raghavan','9876500085','parent85@gmail.com','Coimbatore'),
('Ghanshyam Balakrishnan','Namrata Balakrishnan','9876500086','parent86@gmail.com','Madurai'),
('Hitesh Gopalakrishnan','Pratibha Gopalakrishnan','9876500087','parent87@gmail.com','Visakhapatnam'),
('Ibrahim Venkataraman','Ruchira Venkataraman','9876500088','parent88@gmail.com','Thiruvananthapuram'),
('Jitesh Acharyya','Sheetal Acharyya','9876500089','parent89@gmail.com','Kozhikode'),
('Kalpesh Bandyopadhyay','Taruna Bandyopadhyay','9876500090','parent90@gmail.com','Mysuru'),
('Lalji Bhattacharya','Urmila Bhattacharya','9876500091','parent91@gmail.com','Mumbai'),
('Mahendra Chakraborty','Vasudha Chakraborty','9876500092','parent92@gmail.com','Pune'),
('Prashant Dasgupta','Yamini Dasgupta','9876500093','parent93@gmail.com','Delhi'),
('Ravindra Ganguly','Zoya Ganguly','9876500094','parent94@gmail.com','Nagpur'),
('Shivaji Hazra','Abha Hazra','9876500095','parent95@gmail.com','Nashik'),
('Tarachand Iyengar','Bimla Iyengar','9876500096','parent96@gmail.com','Chennai'),
('Umakant Jha','Champa Jha','9876500097','parent97@gmail.com','Bhopal'),
('Vimal Karmakar','Dhanashri Karmakar','9876500098','parent98@gmail.com','Jaipur'),
('Waqar Lal','Eshwari Lal','9876500099','parent99@gmail.com','Hyderabad'),
('Xavier Mahato','Farzana Mahato','9876500100','parent100@gmail.com','Bengaluru'),
('Yusuf Nawab','Gunwanti Nawab','9876500101','parent101@gmail.com','Kolkata'),
('Zahid Ojha','Harsha Ojha','9876500102','parent102@gmail.com','Ahmedabad'),
('Anupam Pathak','Ilaben Pathak','9876500103','parent103@gmail.com','Surat'),
('Bhupesh Qureshi','Jamuna Qureshi','9876500104','parent104@gmail.com','Vadodara'),
('Chandresh Rawat','Kasturi Rawat','9876500105','parent105@gmail.com','Rajkot'),
('Dharmesh Sarkar','Lalitha Sarkar','9876500106','parent106@gmail.com','Indore'),
('Eshwar Tripathi','Mrunali Tripathi','9876500107','parent107@gmail.com','Lucknow'),
('Feroz Upadhyay','Niranjana Upadhyay','9876500108','parent108@gmail.com','Kanpur'),
('Gunvant Vaishnav','Padmini Vaishnav','9876500109','parent109@gmail.com','Agra'),
('Haresh Walia','Renuka Walia','9876500110','parent110@gmail.com','Patna'),
('Ismail Xavier','Sonali Xavier','9876500111','parent111@gmail.com','Ranchi'),
('Jayesh Zorawar','Triveni Zorawar','9876500112','parent112@gmail.com','Raipur'),
('Ketan Acharya','Urvashi Acharya','9876500113','parent113@gmail.com','Bhubaneswar'),
('Lajpat Bajpai','Vaishnavi Bajpai','9876500114','parent114@gmail.com','Guwahati'),
('Mahavir Choudhury','Wahida Choudhury','9876500115','parent115@gmail.com','Coimbatore'),
('Nagesh Dixit','Yashoda Dixit','9876500116','parent116@gmail.com','Madurai'),
('Purushottam Emami','Zankhana Emami','9876500117','parent117@gmail.com','Visakhapatnam'),
('Rajendra Fazal','Aarti Fazal','9876500118','parent118@gmail.com','Thiruvananthapuram'),
('Shriram Garg','Bhagyashri Garg','9876500119','parent119@gmail.com','Kozhikode'),
('Tulsidas Handa','Chandravati Handa','9876500120','parent120@gmail.com','Mysuru'),
('Uddhav Israni','Draupadi Israni','9876500121','parent121@gmail.com','Mumbai'),
('Vinayak Juneja','Ekatma Juneja','9876500122','parent122@gmail.com','Pune'),
('Wasudeo Khatri','Fulmati Khatri','9876500123','parent123@gmail.com','Delhi'),
('Yatish Lakhani','Girija Lakhani','9876500124','parent124@gmail.com','Nagpur'),
('Sridhar Madan','Heeraben Madan','9876500125','parent125@gmail.com','Nashik'),
('Nagaraj Nanda','Indumati Nanda','9876500126','parent126@gmail.com','Chennai'),
('Ramakrishna Sharma','Jankibai Sharma','9876500127','parent127@gmail.com','Bhopal'),
('Venkatesan Patel','Kausalya Patel','9876500128','parent128@gmail.com','Jaipur'),
('Balram Singh','Liladhar Singh','9876500129','parent129@gmail.com','Hyderabad'),
('Chimanlal Gupta','Meenakshi Gupta','9876500130','parent130@gmail.com','Bengaluru');

-- =========================================================
-- STUDENTS (160)
-- =========================================================
INSERT INTO tbl_students
(admission_no, first_name, last_name, dob, gender, class_id, section_id, parent_id, roll_no)
VALUES
('ADM001','Aarav','Sharma','2018-05-11','Male',1,1,1,'1'),
('ADM002','Priya','Patel','2018-08-18','Female',1,1,2,'2'),
('ADM003','Arjun','Singh','2018-11-25','Male',1,1,3,'3'),
('ADM004','Anaya','Gupta','2018-02-04','Female',1,1,4,'4'),
('ADM005','Vivaan','Verma','2018-05-11','Male',1,1,5,'5'),
('ADM006','Diya','Joshi','2018-08-18','Female',1,1,6,'6'),
('ADM007','Kabir','Rao','2018-11-25','Male',1,1,7,'7'),
('ADM008','Meera','Khan','2018-02-04','Female',1,1,8,'8'),
('ADM009','Rohan','Mehta','2018-05-11','Male',1,2,9,'1'),
('ADM010','Ishita','Malhotra','2018-08-18','Female',1,2,10,'2'),
('ADM011','Aditya','Mishra','2018-11-25','Male',1,2,11,'3'),
('ADM012','Shruti','Yadav','2018-02-04','Female',1,2,12,'4'),
('ADM013','Dev','Tiwari','2018-05-11','Male',1,2,13,'5'),
('ADM014','Kavya','Dubey','2018-08-18','Female',1,2,14,'6'),
('ADM015','Ishaan','Pandey','2018-11-25','Male',1,2,15,'7'),
('ADM016','Aarohi','Agarwal','2018-02-04','Female',1,2,16,'8'),
('ADM017','Dhruv','Sharma','2017-05-11','Male',2,3,1,'1'),
('ADM018','Bhavna','Malhotra','2017-08-18','Female',2,3,10,'2'),
('ADM019','Neel','Desai','2017-11-25','Male',2,3,31,'3'),
('ADM020','Chhavi','Shah','2017-02-04','Female',2,3,32,'4'),
('ADM021','Om','Modi','2017-05-11','Male',2,3,33,'5'),
('ADM022','Divya','Bhatt','2017-08-18','Female',2,3,34,'6'),
('ADM023','Parth','Trivedi','2017-11-25','Male',2,3,35,'7'),
('ADM024','Esha','Parikh','2017-02-04','Female',2,3,36,'8'),
('ADM025','Raj','Saxena','2017-05-11','Male',2,4,17,'1'),
('ADM026','Fatima','Chaudhary','2017-08-18','Female',2,4,18,'2'),
('ADM027','Sagar','Srivastava','2017-11-25','Male',2,4,19,'3'),
('ADM028','Gauri','Nair','2017-02-04','Female',2,4,20,'4'),
('ADM029','Tarun','Pillai','2017-05-11','Male',2,4,21,'5'),
('ADM030','Hina','Menon','2017-08-18','Female',2,4,22,'6'),
('ADM031','Ujwal','Iyer','2017-11-25','Male',2,4,23,'7'),
('ADM032','Isha','Kumar','2017-02-04','Female',2,4,24,'8'),
('ADM033','Vinay','Patel','2016-05-11','Male',3,5,2,'1'),
('ADM034','Jaya','Mishra','2016-08-18','Female',3,5,11,'2'),
('ADM035','Yash','Kapoor','2016-11-25','Male',3,5,37,'3'),
('ADM036','Kamakshi','Khanna','2016-02-04','Female',3,5,38,'4'),
('ADM037','Abhi','Arora','2016-05-11','Male',3,5,39,'5'),
('ADM038','Leena','Bhatia','2016-08-18','Female',3,5,40,'6'),
('ADM039','Bharat','Chopra','2016-11-25','Male',3,5,41,'7'),
('ADM040','Mansi','Dhawan','2016-02-04','Female',3,5,42,'8'),
('ADM041','Chirag','Saxena','2016-05-11','Male',3,6,17,'1'),
('ADM042','Nisha','Das','2016-08-18','Female',3,6,25,'2'),
('ADM043','Darshan','Roy','2016-11-25','Male',3,6,26,'3'),
('ADM044','Pari','Ghosh','2016-02-04','Female',3,6,27,'4'),
('ADM045','Eklavya','Mukherjee','2016-05-11','Male',3,6,28,'5'),
('ADM046','Riya','Bose','2016-08-18','Female',3,6,29,'6'),
('ADM047','Farhan','Chatterjee','2016-11-25','Male',3,6,30,'7'),
('ADM048','Sneha','Thakur','2016-02-04','Female',3,6,43,'8'),
('ADM049','Ganesh','Singh','2015-05-11','Male',4,7,3,'1'),
('ADM050','Tanvi','Yadav','2015-08-18','Female',4,7,12,'2'),
('ADM051','Harsh','Rajput','2015-11-25','Male',4,7,44,'3'),
('ADM052','Uma','Rathore','2015-02-04','Female',4,7,45,'4'),
('ADM053','Ishan','Solanki','2015-05-11','Male',4,7,46,'5'),
('ADM054','Vaidehi','Chauhan','2015-08-18','Female',4,7,47,'6'),
('ADM055','Jay','Jadeja','2015-11-25','Male',4,7,48,'7'),
('ADM056','Yashvi','Panchal','2015-02-04','Female',4,7,49,'8'),
('ADM057','Kishore','Chaudhary','2015-05-11','Male',4,8,18,'1'),
('ADM058','Zara','Das','2015-08-18','Female',4,8,25,'2'),
('ADM059','Lalit','Mistry','2015-11-25','Male',4,8,50,'3'),
('ADM060','Akshata','Soni','2015-02-04','Female',4,8,51,'4'),
('ADM061','Manav','Jain','2015-05-11','Male',4,8,52,'5'),
('ADM062','Bhumi','Mittal','2015-08-18','Female',4,8,53,'6'),
('ADM063','Nikhil','Bansal','2015-11-25','Male',4,8,54,'7'),
('ADM064','Charvi','Goel','2015-02-04','Female',4,8,55,'8'),
('ADM065','Omkar','Gupta','2014-05-11','Male',5,9,4,'1'),
('ADM066','Deepika','Tiwari','2014-08-18','Female',5,9,13,'2'),
('ADM067','Pranav','Singhal','2014-11-25','Male',5,9,56,'3'),
('ADM068','Ekta','Kaur','2014-02-04','Female',5,9,57,'4'),
('ADM069','Rahul','Reddy','2014-05-11','Male',5,9,58,'5'),
('ADM070','Farida','Naik','2014-08-18','Female',5,9,59,'6'),
('ADM071','Sahil','Patil','2014-11-25','Male',5,9,60,'7'),
('ADM072','Gargi','Kulkarni','2014-02-04','Female',5,9,61,'8'),
('ADM073','Tanmay','Srivastava','2014-05-11','Male',5,10,19,'1'),
('ADM074','Harsha','Roy','2014-08-18','Female',5,10,26,'2'),
('ADM075','Uday','Deshpande','2014-11-25','Male',5,10,62,'3'),
('ADM076','Jahnavi','Gaikwad','2014-02-04','Female',5,10,63,'4'),
('ADM077','Vijay','Pawar','2014-05-11','Male',5,10,64,'5'),
('ADM078','Lavanya','Shinde','2014-08-18','Female',5,10,65,'6'),
('ADM079','Yuvraj','Jadhav','2014-11-25','Male',5,10,66,'7'),
('ADM080','Madhuri','More','2014-02-04','Female',5,10,67,'8'),
('ADM081','Zaid','Verma','2013-05-11','Male',6,11,5,'1'),
('ADM082','Nandini','Dubey','2013-08-18','Female',6,11,14,'2'),
('ADM083','Akash','Kale','2013-11-25','Male',6,11,68,'3'),
('ADM084','Pallavi','Bhosale','2013-02-04','Female',6,11,69,'4'),
('ADM085','Balaji','Mane','2013-05-11','Male',6,11,70,'5'),
('ADM086','Ritika','Sawant','2013-08-18','Female',6,11,71,'6'),
('ADM087','Chetan','Salvi','2013-11-25','Male',6,11,72,'7'),
('ADM088','Sonam','Naidu','2013-02-04','Female',6,11,73,'8'),
('ADM089','Deepak','Nair','2013-05-11','Male',6,12,20,'1'),
('ADM090','Trisha','Ghosh','2013-08-18','Female',6,12,27,'2'),
('ADM091','Eshan','Raju','2013-11-25','Male',6,12,74,'3'),
('ADM092','Urvashi','Murthy','2013-02-04','Female',6,12,75,'4'),
('ADM093','Faisal','Swamy','2013-05-11','Male',6,12,76,'5'),
('ADM094','Vidya','Hegde','2013-08-18','Female',6,12,77,'6'),
('ADM095','Govind','Shenoy','2013-11-25','Male',6,12,78,'7'),
('ADM096','Yamini','Kamath','2013-02-04','Female',6,12,79,'8'),
('ADM097','Hardik','Joshi','2012-05-11','Male',7,13,6,'1'),
('ADM098','Zoya','Pandey','2012-08-18','Female',7,13,15,'2'),
('ADM099','Jayesh','Nambiar','2012-11-25','Male',7,13,80,'3'),
('ADM100','Aditi','Varma','2012-02-04','Female',7,13,81,'4'),
('ADM101','Kalpesh','Unnithan','2012-05-11','Male',7,13,82,'5'),
('ADM102','Anushka','Krishnan','2012-08-18','Female',7,13,83,'6'),
('ADM103','Laksh','Subramaniam','2012-11-25','Male',7,13,84,'7'),
('ADM104','Chetana','Raghavan','2012-02-04','Female',7,13,85,'8'),
('ADM105','Mayur','Pillai','2012-05-11','Male',7,14,21,'1'),
('ADM106','Damini','Mukherjee','2012-08-18','Female',7,14,28,'2'),
('ADM107','Navin','Balakrishnan','2012-11-25','Male',7,14,86,'3'),
('ADM108','Ela','Gopalakrishnan','2012-02-04','Female',7,14,87,'4'),
('ADM109','Pratik','Venkataraman','2012-05-11','Male',7,14,88,'5'),
('ADM110','Falguni','Acharyya','2012-08-18','Female',7,14,89,'6'),
('ADM111','Raghav','Bandyopadhyay','2012-11-25','Male',7,14,90,'7'),
('ADM112','Gitanjali','Bhattacharya','2012-02-04','Female',7,14,91,'8'),
('ADM113','Saurabh','Rao','2011-05-11','Male',8,15,7,'1'),
('ADM114','Hemali','Agarwal','2011-08-18','Female',8,15,16,'2'),
('ADM115','Tejas','Chakraborty','2011-11-25','Male',8,15,92,'3'),
('ADM116','Indira','Dasgupta','2011-02-04','Female',8,15,93,'4'),
('ADM117','Utkarsh','Ganguly','2011-05-11','Male',8,15,94,'5'),
('ADM118','Jayashri','Hazra','2011-08-18','Female',8,15,95,'6'),
('ADM119','Varun','Iyengar','2011-11-25','Male',8,15,96,'7'),
('ADM120','Ketaki','Jha','2011-02-04','Female',8,15,97,'8'),
('ADM121','Yashas','Menon','2011-05-11','Male',8,16,22,'1'),
('ADM122','Lata','Bose','2011-08-18','Female',8,16,29,'2'),
('ADM123','Zubin','Karmakar','2011-11-25','Male',8,16,98,'3'),
('ADM124','Mrunali','Lal','2011-02-04','Female',8,16,99,'4'),
('ADM125','Nitin','Mahato','2011-05-11','Male',8,16,100,'5'),
('ADM126','Nalini','Nawab','2011-08-18','Female',8,16,101,'6'),
('ADM127','Siddharth','Ojha','2011-11-25','Male',8,16,102,'7'),
('ADM128','Omisha','Pathak','2011-02-04','Female',8,16,103,'8'),
('ADM129','Mihir','Khan','2010-05-11','Male',9,17,8,'1'),
('ADM130','Preeti','Qureshi','2010-08-18','Female',9,17,104,'2'),
('ADM131','Kartik','Rawat','2010-11-25','Male',9,17,105,'3'),
('ADM132','Radhika','Sarkar','2010-02-04','Female',9,17,106,'4'),
('ADM133','Aniket','Tripathi','2010-05-11','Male',9,17,107,'5'),
('ADM134','Sanjana','Upadhyay','2010-08-18','Female',9,17,108,'6'),
('ADM135','Shreyas','Vaishnav','2010-11-25','Male',9,17,109,'7'),
('ADM136','Trupti','Walia','2010-02-04','Female',9,17,110,'8'),
('ADM137','Tushar','Iyer','2010-05-11','Male',9,18,23,'1'),
('ADM138','Urmila','Chatterjee','2010-08-18','Female',9,18,30,'2'),
('ADM139','Vivek','Xavier','2010-11-25','Male',9,18,111,'3'),
('ADM140','Vaishnavi','Zorawar','2010-02-04','Female',9,18,112,'4'),
('ADM141','Amogh','Acharya','2010-05-11','Male',9,18,113,'5'),
('ADM142','Wahida','Bajpai','2010-08-18','Female',9,18,114,'6'),
('ADM143','Chinmay','Choudhury','2010-11-25','Male',9,18,115,'7'),
('ADM144','Yashoda','Dixit','2010-02-04','Female',9,18,116,'8'),
('ADM145','Devraj','Mehta','2009-05-11','Male',10,19,9,'1'),
('ADM146','Zankhana','Emami','2009-08-18','Female',10,19,117,'2'),
('ADM147','Gaurav','Fazal','2009-11-25','Male',10,19,118,'3'),
('ADM148','Aarti','Garg','2009-02-04','Female',10,19,119,'4'),
('ADM149','Hemant','Handa','2009-05-11','Male',10,19,120,'5'),
('ADM150','Bharati','Israni','2009-08-18','Female',10,19,121,'6'),
('ADM151','Inder','Juneja','2009-11-25','Male',10,19,122,'7'),
('ADM152','Chandrika','Khatri','2009-02-04','Female',10,19,123,'8'),
('ADM153','Kalyan','Kumar','2009-05-11','Male',10,20,24,'1'),
('ADM154','Dipali','Lakhani','2009-08-18','Female',10,20,124,'2'),
('ADM155','Rohit','Madan','2009-11-25','Male',10,20,125,'3'),
('ADM156','Falak','Nanda','2009-02-04','Female',10,20,126,'4'),
('ADM157','Saket','Sharma','2009-05-11','Male',10,20,127,'5'),
('ADM158','Geetanjali','Patel','2009-08-18','Female',10,20,128,'6'),
('ADM159','Tirth','Singh','2009-11-25','Male',10,20,129,'7'),
('ADM160','Harini','Gupta','2009-02-04','Female',10,20,130,'8');

-- =========================================================
-- TEACHER ASSIGNMENTS
-- Teacher 1: Classes 1-5 | Teacher 2: Classes 6-10
-- =========================================================
INSERT INTO tbl_teacher_assignments (teacher_id, class_id, section_id, subject_id) VALUES
(1,1,1,1),
(1,1,2,1),
(1,2,3,1),
(1,2,4,1),
(1,3,5,1),
(1,3,6,1),
(1,4,7,1),
(1,4,8,1),
(1,5,9,1),
(1,5,10,1),
(2,6,11,1),
(2,6,12,1),
(2,7,13,1),
(2,7,14,1),
(2,8,15,1),
(2,8,16,1),
(2,9,17,1),
(2,9,18,1),
(2,10,19,1),
(2,10,20,1);

-- =========================================================
-- FEE STRUCTURES (one per class, 2025-26)
-- =========================================================
INSERT INTO tbl_fee_structures
(class_id, academic_year, tuition_fee, activity_fee, transport_fee, other_fee, total_fee)
VALUES
(1,'2025-26',50000,5000,8000,2000,65000),
(2,'2025-26',52000,5000,8000,2000,67000),
(3,'2025-26',54000,5000,8000,2000,69000),
(4,'2025-26',56000,5000,8000,2000,71000),
(5,'2025-26',58000,5000,8000,2000,73000),
(6,'2025-26',60000,5000,8000,2000,75000),
(7,'2025-26',62000,5000,8000,2000,77000),
(8,'2025-26',64000,5000,8000,2000,79000),
(9,'2025-26',66000,5000,8000,2000,81000),
(10,'2025-26',68000,5000,8000,2000,83000);

-- =========================================================
-- STUDENT FEES (160)
-- =========================================================
INSERT INTO tbl_student_fees
(student_id, fee_structure_id, total_amount, paid_amount, pending_amount, status, last_payment_date)
VALUES
(1,1,65000,65000,0,'Paid','2025-01-01'),
(2,1,65000,65000,0,'Paid','2025-02-02'),
(3,1,65000,65000,0,'Paid','2025-03-03'),
(4,1,65000,32500,32500,'Partial','2025-07-04'),
(5,1,65000,32500,32500,'Partial','2025-08-05'),
(6,1,65000,32500,32500,'Partial','2025-09-06'),
(7,1,65000,32500,32500,'Partial','2025-04-07'),
(8,1,65000,32500,32500,'Partial','2025-05-08'),
(9,1,65000,0,65000,'Pending',NULL),
(10,1,65000,0,65000,'Pending',NULL),
(11,1,65000,65000,0,'Paid','2025-01-11'),
(12,1,65000,65000,0,'Paid','2025-02-12'),
(13,1,65000,65000,0,'Paid','2025-03-13'),
(14,1,65000,32500,32500,'Partial','2025-05-14'),
(15,1,65000,32500,32500,'Partial','2025-06-15'),
(16,1,65000,32500,32500,'Partial','2025-07-16'),
(17,2,67000,33500,33500,'Partial','2025-08-17'),
(18,2,67000,33500,33500,'Partial','2025-09-18'),
(19,2,67000,0,67000,'Pending',NULL),
(20,2,67000,0,67000,'Pending',NULL),
(21,2,67000,67000,0,'Paid','2025-01-01'),
(22,2,67000,67000,0,'Paid','2025-02-02'),
(23,2,67000,67000,0,'Paid','2025-03-03'),
(24,2,67000,33500,33500,'Partial','2025-09-04'),
(25,2,67000,33500,33500,'Partial','2025-04-05'),
(26,2,67000,33500,33500,'Partial','2025-05-06'),
(27,2,67000,33500,33500,'Partial','2025-06-07'),
(28,2,67000,33500,33500,'Partial','2025-07-08'),
(29,2,67000,0,67000,'Pending',NULL),
(30,2,67000,0,67000,'Pending',NULL),
(31,2,67000,67000,0,'Paid','2025-01-11'),
(32,2,67000,67000,0,'Paid','2025-02-12'),
(33,3,69000,69000,0,'Paid','2025-03-13'),
(34,3,69000,34500,34500,'Partial','2025-07-14'),
(35,3,69000,34500,34500,'Partial','2025-08-15'),
(36,3,69000,34500,34500,'Partial','2025-09-16'),
(37,3,69000,34500,34500,'Partial','2025-04-17'),
(38,3,69000,34500,34500,'Partial','2025-05-18'),
(39,3,69000,0,69000,'Pending',NULL),
(40,3,69000,0,69000,'Pending',NULL),
(41,3,69000,69000,0,'Paid','2025-01-01'),
(42,3,69000,69000,0,'Paid','2025-02-02'),
(43,3,69000,69000,0,'Paid','2025-03-03'),
(44,3,69000,34500,34500,'Partial','2025-05-04'),
(45,3,69000,34500,34500,'Partial','2025-06-05'),
(46,3,69000,34500,34500,'Partial','2025-07-06'),
(47,3,69000,34500,34500,'Partial','2025-08-07'),
(48,3,69000,34500,34500,'Partial','2025-09-08'),
(49,4,71000,0,71000,'Pending',NULL),
(50,4,71000,0,71000,'Pending',NULL),
(51,4,71000,71000,0,'Paid','2025-01-11'),
(52,4,71000,71000,0,'Paid','2025-02-12'),
(53,4,71000,71000,0,'Paid','2025-03-13'),
(54,4,71000,35500,35500,'Partial','2025-09-14'),
(55,4,71000,35500,35500,'Partial','2025-04-15'),
(56,4,71000,35500,35500,'Partial','2025-05-16'),
(57,4,71000,35500,35500,'Partial','2025-06-17'),
(58,4,71000,35500,35500,'Partial','2025-07-18'),
(59,4,71000,0,71000,'Pending',NULL),
(60,4,71000,0,71000,'Pending',NULL),
(61,4,71000,71000,0,'Paid','2025-01-01'),
(62,4,71000,71000,0,'Paid','2025-02-02'),
(63,4,71000,71000,0,'Paid','2025-03-03'),
(64,4,71000,35500,35500,'Partial','2025-07-04'),
(65,5,73000,36500,36500,'Partial','2025-08-05'),
(66,5,73000,36500,36500,'Partial','2025-09-06'),
(67,5,73000,36500,36500,'Partial','2025-04-07'),
(68,5,73000,36500,36500,'Partial','2025-05-08'),
(69,5,73000,0,73000,'Pending',NULL),
(70,5,73000,0,73000,'Pending',NULL),
(71,5,73000,73000,0,'Paid','2025-01-11'),
(72,5,73000,73000,0,'Paid','2025-02-12'),
(73,5,73000,73000,0,'Paid','2025-03-13'),
(74,5,73000,36500,36500,'Partial','2025-05-14'),
(75,5,73000,36500,36500,'Partial','2025-06-15'),
(76,5,73000,36500,36500,'Partial','2025-07-16'),
(77,5,73000,36500,36500,'Partial','2025-08-17'),
(78,5,73000,36500,36500,'Partial','2025-09-18'),
(79,5,73000,0,73000,'Pending',NULL),
(80,5,73000,0,73000,'Pending',NULL),
(81,6,75000,75000,0,'Paid','2025-01-01'),
(82,6,75000,75000,0,'Paid','2025-02-02'),
(83,6,75000,75000,0,'Paid','2025-03-03'),
(84,6,75000,37500,37500,'Partial','2025-09-04'),
(85,6,75000,37500,37500,'Partial','2025-04-05'),
(86,6,75000,37500,37500,'Partial','2025-05-06'),
(87,6,75000,37500,37500,'Partial','2025-06-07'),
(88,6,75000,37500,37500,'Partial','2025-07-08'),
(89,6,75000,0,75000,'Pending',NULL),
(90,6,75000,0,75000,'Pending',NULL),
(91,6,75000,75000,0,'Paid','2025-01-11'),
(92,6,75000,75000,0,'Paid','2025-02-12'),
(93,6,75000,75000,0,'Paid','2025-03-13'),
(94,6,75000,37500,37500,'Partial','2025-07-14'),
(95,6,75000,37500,37500,'Partial','2025-08-15'),
(96,6,75000,37500,37500,'Partial','2025-09-16'),
(97,7,77000,38500,38500,'Partial','2025-04-17'),
(98,7,77000,38500,38500,'Partial','2025-05-18'),
(99,7,77000,0,77000,'Pending',NULL),
(100,7,77000,0,77000,'Pending',NULL),
(101,7,77000,77000,0,'Paid','2025-01-01'),
(102,7,77000,77000,0,'Paid','2025-02-02'),
(103,7,77000,77000,0,'Paid','2025-03-03'),
(104,7,77000,38500,38500,'Partial','2025-05-04'),
(105,7,77000,38500,38500,'Partial','2025-06-05'),
(106,7,77000,38500,38500,'Partial','2025-07-06'),
(107,7,77000,38500,38500,'Partial','2025-08-07'),
(108,7,77000,38500,38500,'Partial','2025-09-08'),
(109,7,77000,0,77000,'Pending',NULL),
(110,7,77000,0,77000,'Pending',NULL),
(111,7,77000,77000,0,'Paid','2025-01-11'),
(112,7,77000,77000,0,'Paid','2025-02-12'),
(113,8,79000,79000,0,'Paid','2025-03-13'),
(114,8,79000,39500,39500,'Partial','2025-09-14'),
(115,8,79000,39500,39500,'Partial','2025-04-15'),
(116,8,79000,39500,39500,'Partial','2025-05-16'),
(117,8,79000,39500,39500,'Partial','2025-06-17'),
(118,8,79000,39500,39500,'Partial','2025-07-18'),
(119,8,79000,0,79000,'Pending',NULL),
(120,8,79000,0,79000,'Pending',NULL),
(121,8,79000,79000,0,'Paid','2025-01-01'),
(122,8,79000,79000,0,'Paid','2025-02-02'),
(123,8,79000,79000,0,'Paid','2025-03-03'),
(124,8,79000,39500,39500,'Partial','2025-07-04'),
(125,8,79000,39500,39500,'Partial','2025-08-05'),
(126,8,79000,39500,39500,'Partial','2025-09-06'),
(127,8,79000,39500,39500,'Partial','2025-04-07'),
(128,8,79000,39500,39500,'Partial','2025-05-08'),
(129,9,81000,0,81000,'Pending',NULL),
(130,9,81000,0,81000,'Pending',NULL),
(131,9,81000,81000,0,'Paid','2025-01-11'),
(132,9,81000,81000,0,'Paid','2025-02-12'),
(133,9,81000,81000,0,'Paid','2025-03-13'),
(134,9,81000,40500,40500,'Partial','2025-05-14'),
(135,9,81000,40500,40500,'Partial','2025-06-15'),
(136,9,81000,40500,40500,'Partial','2025-07-16'),
(137,9,81000,40500,40500,'Partial','2025-08-17'),
(138,9,81000,40500,40500,'Partial','2025-09-18'),
(139,9,81000,0,81000,'Pending',NULL),
(140,9,81000,0,81000,'Pending',NULL),
(141,9,81000,81000,0,'Paid','2025-01-01'),
(142,9,81000,81000,0,'Paid','2025-02-02'),
(143,9,81000,81000,0,'Paid','2025-03-03'),
(144,9,81000,40500,40500,'Partial','2025-09-04'),
(145,10,83000,41500,41500,'Partial','2025-04-05'),
(146,10,83000,41500,41500,'Partial','2025-05-06'),
(147,10,83000,41500,41500,'Partial','2025-06-07'),
(148,10,83000,41500,41500,'Partial','2025-07-08'),
(149,10,83000,0,83000,'Pending',NULL),
(150,10,83000,0,83000,'Pending',NULL),
(151,10,83000,83000,0,'Paid','2025-01-11'),
(152,10,83000,83000,0,'Paid','2025-02-12'),
(153,10,83000,83000,0,'Paid','2025-03-13'),
(154,10,83000,41500,41500,'Partial','2025-07-14'),
(155,10,83000,41500,41500,'Partial','2025-08-15'),
(156,10,83000,41500,41500,'Partial','2025-09-16'),
(157,10,83000,41500,41500,'Partial','2025-04-17'),
(158,10,83000,41500,41500,'Partial','2025-05-18'),
(159,10,83000,0,83000,'Pending',NULL),
(160,10,83000,0,83000,'Pending',NULL);

-- =========================================================
-- FEE PAYMENTS (Paid + Partial students)
-- =========================================================
INSERT INTO tbl_fee_payments
(student_fee_id, amount, payment_date, payment_method, transaction_ref)
VALUES
(1,65000,'2025-01-01','UPI','TXN0001'),
(2,65000,'2025-02-02','Cash','TXN0002'),
(3,65000,'2025-03-03','Card','TXN0003'),
(4,32500,'2025-04-04','Bank','TXN0004'),
(5,32500,'2025-05-05','UPI','TXN0005'),
(6,32500,'2025-01-06','Cash','TXN0006'),
(7,32500,'2025-02-07','UPI','TXN0007'),
(8,32500,'2025-03-08','Card','TXN0008'),
(11,65000,'2025-01-11','Card','TXN0009'),
(12,65000,'2025-02-12','Bank','TXN0010'),
(13,65000,'2025-03-13','UPI','TXN0011'),
(14,32500,'2025-04-14','Cash','TXN0012'),
(15,32500,'2025-05-15','UPI','TXN0013'),
(16,32500,'2025-01-16','Card','TXN0014'),
(17,33500,'2025-02-17','UPI','TXN0015'),
(18,33500,'2025-03-18','Cash','TXN0016'),
(21,67000,'2025-01-01','UPI','TXN0017'),
(22,67000,'2025-02-02','Cash','TXN0018'),
(23,67000,'2025-03-03','UPI','TXN0019'),
(24,33500,'2025-04-04','Card','TXN0020'),
(25,33500,'2025-05-05','UPI','TXN0021'),
(26,33500,'2025-01-06','Cash','TXN0022'),
(27,33500,'2025-02-07','Card','TXN0023'),
(28,33500,'2025-03-08','Bank','TXN0024'),
(31,67000,'2025-01-11','UPI','TXN0025'),
(32,67000,'2025-02-12','Card','TXN0026'),
(33,69000,'2025-03-13','UPI','TXN0027'),
(34,34500,'2025-04-14','Cash','TXN0028'),
(35,34500,'2025-05-15','Card','TXN0029'),
(36,34500,'2025-01-16','Bank','TXN0030'),
(37,34500,'2025-02-17','UPI','TXN0031'),
(38,34500,'2025-03-18','Cash','TXN0032'),
(41,69000,'2025-01-01','UPI','TXN0033'),
(42,69000,'2025-02-02','Cash','TXN0034'),
(43,69000,'2025-03-03','Card','TXN0035'),
(44,34500,'2025-04-04','Bank','TXN0036'),
(45,34500,'2025-05-05','UPI','TXN0037'),
(46,34500,'2025-01-06','Cash','TXN0038'),
(47,34500,'2025-02-07','UPI','TXN0039'),
(48,34500,'2025-03-08','Card','TXN0040'),
(51,71000,'2025-01-11','Card','TXN0041'),
(52,71000,'2025-02-12','Bank','TXN0042'),
(53,71000,'2025-03-13','UPI','TXN0043'),
(54,35500,'2025-04-14','Cash','TXN0044'),
(55,35500,'2025-05-15','UPI','TXN0045'),
(56,35500,'2025-01-16','Card','TXN0046'),
(57,35500,'2025-02-17','UPI','TXN0047'),
(58,35500,'2025-03-18','Cash','TXN0048'),
(61,71000,'2025-01-01','UPI','TXN0049'),
(62,71000,'2025-02-02','Cash','TXN0050'),
(63,71000,'2025-03-03','UPI','TXN0051'),
(64,35500,'2025-04-04','Card','TXN0052'),
(65,36500,'2025-05-05','UPI','TXN0053'),
(66,36500,'2025-01-06','Cash','TXN0054'),
(67,36500,'2025-02-07','Card','TXN0055'),
(68,36500,'2025-03-08','Bank','TXN0056'),
(71,73000,'2025-01-11','UPI','TXN0057'),
(72,73000,'2025-02-12','Card','TXN0058'),
(73,73000,'2025-03-13','UPI','TXN0059'),
(74,36500,'2025-04-14','Cash','TXN0060'),
(75,36500,'2025-05-15','Card','TXN0061'),
(76,36500,'2025-01-16','Bank','TXN0062'),
(77,36500,'2025-02-17','UPI','TXN0063'),
(78,36500,'2025-03-18','Cash','TXN0064'),
(81,75000,'2025-01-01','UPI','TXN0065'),
(82,75000,'2025-02-02','Cash','TXN0066'),
(83,75000,'2025-03-03','Card','TXN0067'),
(84,37500,'2025-04-04','Bank','TXN0068'),
(85,37500,'2025-05-05','UPI','TXN0069'),
(86,37500,'2025-01-06','Cash','TXN0070'),
(87,37500,'2025-02-07','UPI','TXN0071'),
(88,37500,'2025-03-08','Card','TXN0072'),
(91,75000,'2025-01-11','Card','TXN0073'),
(92,75000,'2025-02-12','Bank','TXN0074'),
(93,75000,'2025-03-13','UPI','TXN0075'),
(94,37500,'2025-04-14','Cash','TXN0076'),
(95,37500,'2025-05-15','UPI','TXN0077'),
(96,37500,'2025-01-16','Card','TXN0078'),
(97,38500,'2025-02-17','UPI','TXN0079'),
(98,38500,'2025-03-18','Cash','TXN0080'),
(101,77000,'2025-01-01','UPI','TXN0081'),
(102,77000,'2025-02-02','Cash','TXN0082'),
(103,77000,'2025-03-03','UPI','TXN0083'),
(104,38500,'2025-04-04','Card','TXN0084'),
(105,38500,'2025-05-05','UPI','TXN0085'),
(106,38500,'2025-01-06','Cash','TXN0086'),
(107,38500,'2025-02-07','Card','TXN0087'),
(108,38500,'2025-03-08','Bank','TXN0088'),
(111,77000,'2025-01-11','UPI','TXN0089'),
(112,77000,'2025-02-12','Card','TXN0090'),
(113,79000,'2025-03-13','UPI','TXN0091'),
(114,39500,'2025-04-14','Cash','TXN0092'),
(115,39500,'2025-05-15','Card','TXN0093'),
(116,39500,'2025-01-16','Bank','TXN0094'),
(117,39500,'2025-02-17','UPI','TXN0095'),
(118,39500,'2025-03-18','Cash','TXN0096'),
(121,79000,'2025-01-01','UPI','TXN0097'),
(122,79000,'2025-02-02','Cash','TXN0098'),
(123,79000,'2025-03-03','Card','TXN0099'),
(124,39500,'2025-04-04','Bank','TXN0100'),
(125,39500,'2025-05-05','UPI','TXN0101'),
(126,39500,'2025-01-06','Cash','TXN0102'),
(127,39500,'2025-02-07','UPI','TXN0103'),
(128,39500,'2025-03-08','Card','TXN0104'),
(131,81000,'2025-01-11','Card','TXN0105'),
(132,81000,'2025-02-12','Bank','TXN0106'),
(133,81000,'2025-03-13','UPI','TXN0107'),
(134,40500,'2025-04-14','Cash','TXN0108'),
(135,40500,'2025-05-15','UPI','TXN0109'),
(136,40500,'2025-01-16','Card','TXN0110'),
(137,40500,'2025-02-17','UPI','TXN0111'),
(138,40500,'2025-03-18','Cash','TXN0112'),
(141,81000,'2025-01-01','UPI','TXN0113'),
(142,81000,'2025-02-02','Cash','TXN0114'),
(143,81000,'2025-03-03','UPI','TXN0115'),
(144,40500,'2025-04-04','Card','TXN0116'),
(145,41500,'2025-05-05','UPI','TXN0117'),
(146,41500,'2025-01-06','Cash','TXN0118'),
(147,41500,'2025-02-07','Card','TXN0119'),
(148,41500,'2025-03-08','Bank','TXN0120'),
(151,83000,'2025-01-11','UPI','TXN0121'),
(152,83000,'2025-02-12','Card','TXN0122'),
(153,83000,'2025-03-13','UPI','TXN0123'),
(154,41500,'2025-04-14','Cash','TXN0124'),
(155,41500,'2025-05-15','Card','TXN0125'),
(156,41500,'2025-01-16','Bank','TXN0126'),
(157,41500,'2025-02-17','UPI','TXN0127'),
(158,41500,'2025-03-18','Cash','TXN0128');

-- =========================================================
-- USERS  (1 Admin + 2 Teachers + 130 Parents + 160 Students)
-- =========================================================
-- Admin
INSERT INTO tbl_users (username, password_hash, role, reference_id) VALUES
('admin','Admin@123','Admin',NULL);

-- Teachers
INSERT INTO tbl_users (username, password_hash, role, reference_id) VALUES
('t1','Teacher@123','Teacher',1),
('t2','Teacher@123','Teacher',2);

-- Parents (130)
INSERT INTO tbl_users (username, password_hash, role, reference_id) VALUES
('p1','Parent@123','Parent',1),
('p2','Parent@123','Parent',2),
('p3','Parent@123','Parent',3),
('p4','Parent@123','Parent',4),
('p5','Parent@123','Parent',5),
('p6','Parent@123','Parent',6),
('p7','Parent@123','Parent',7),
('p8','Parent@123','Parent',8),
('p9','Parent@123','Parent',9),
('p10','Parent@123','Parent',10),
('p11','Parent@123','Parent',11),
('p12','Parent@123','Parent',12),
('p13','Parent@123','Parent',13),
('p14','Parent@123','Parent',14),
('p15','Parent@123','Parent',15),
('p16','Parent@123','Parent',16),
('p17','Parent@123','Parent',17),
('p18','Parent@123','Parent',18),
('p19','Parent@123','Parent',19),
('p20','Parent@123','Parent',20),
('p21','Parent@123','Parent',21),
('p22','Parent@123','Parent',22),
('p23','Parent@123','Parent',23),
('p24','Parent@123','Parent',24),
('p25','Parent@123','Parent',25),
('p26','Parent@123','Parent',26),
('p27','Parent@123','Parent',27),
('p28','Parent@123','Parent',28),
('p29','Parent@123','Parent',29),
('p30','Parent@123','Parent',30),
('p31','Parent@123','Parent',31),
('p32','Parent@123','Parent',32),
('p33','Parent@123','Parent',33),
('p34','Parent@123','Parent',34),
('p35','Parent@123','Parent',35),
('p36','Parent@123','Parent',36),
('p37','Parent@123','Parent',37),
('p38','Parent@123','Parent',38),
('p39','Parent@123','Parent',39),
('p40','Parent@123','Parent',40),
('p41','Parent@123','Parent',41),
('p42','Parent@123','Parent',42),
('p43','Parent@123','Parent',43),
('p44','Parent@123','Parent',44),
('p45','Parent@123','Parent',45),
('p46','Parent@123','Parent',46),
('p47','Parent@123','Parent',47),
('p48','Parent@123','Parent',48),
('p49','Parent@123','Parent',49),
('p50','Parent@123','Parent',50),
('p51','Parent@123','Parent',51),
('p52','Parent@123','Parent',52),
('p53','Parent@123','Parent',53),
('p54','Parent@123','Parent',54),
('p55','Parent@123','Parent',55),
('p56','Parent@123','Parent',56),
('p57','Parent@123','Parent',57),
('p58','Parent@123','Parent',58),
('p59','Parent@123','Parent',59),
('p60','Parent@123','Parent',60),
('p61','Parent@123','Parent',61),
('p62','Parent@123','Parent',62),
('p63','Parent@123','Parent',63),
('p64','Parent@123','Parent',64),
('p65','Parent@123','Parent',65),
('p66','Parent@123','Parent',66),
('p67','Parent@123','Parent',67),
('p68','Parent@123','Parent',68),
('p69','Parent@123','Parent',69),
('p70','Parent@123','Parent',70),
('p71','Parent@123','Parent',71),
('p72','Parent@123','Parent',72),
('p73','Parent@123','Parent',73),
('p74','Parent@123','Parent',74),
('p75','Parent@123','Parent',75),
('p76','Parent@123','Parent',76),
('p77','Parent@123','Parent',77),
('p78','Parent@123','Parent',78),
('p79','Parent@123','Parent',79),
('p80','Parent@123','Parent',80),
('p81','Parent@123','Parent',81),
('p82','Parent@123','Parent',82),
('p83','Parent@123','Parent',83),
('p84','Parent@123','Parent',84),
('p85','Parent@123','Parent',85),
('p86','Parent@123','Parent',86),
('p87','Parent@123','Parent',87),
('p88','Parent@123','Parent',88),
('p89','Parent@123','Parent',89),
('p90','Parent@123','Parent',90),
('p91','Parent@123','Parent',91),
('p92','Parent@123','Parent',92),
('p93','Parent@123','Parent',93),
('p94','Parent@123','Parent',94),
('p95','Parent@123','Parent',95),
('p96','Parent@123','Parent',96),
('p97','Parent@123','Parent',97),
('p98','Parent@123','Parent',98),
('p99','Parent@123','Parent',99),
('p100','Parent@123','Parent',100),
('p101','Parent@123','Parent',101),
('p102','Parent@123','Parent',102),
('p103','Parent@123','Parent',103),
('p104','Parent@123','Parent',104),
('p105','Parent@123','Parent',105),
('p106','Parent@123','Parent',106),
('p107','Parent@123','Parent',107),
('p108','Parent@123','Parent',108),
('p109','Parent@123','Parent',109),
('p110','Parent@123','Parent',110),
('p111','Parent@123','Parent',111),
('p112','Parent@123','Parent',112),
('p113','Parent@123','Parent',113),
('p114','Parent@123','Parent',114),
('p115','Parent@123','Parent',115),
('p116','Parent@123','Parent',116),
('p117','Parent@123','Parent',117),
('p118','Parent@123','Parent',118),
('p119','Parent@123','Parent',119),
('p120','Parent@123','Parent',120),
('p121','Parent@123','Parent',121),
('p122','Parent@123','Parent',122),
('p123','Parent@123','Parent',123),
('p124','Parent@123','Parent',124),
('p125','Parent@123','Parent',125),
('p126','Parent@123','Parent',126),
('p127','Parent@123','Parent',127),
('p128','Parent@123','Parent',128),
('p129','Parent@123','Parent',129),
('p130','Parent@123','Parent',130);

-- Students (160)
INSERT INTO tbl_users (username, password_hash, role, reference_id) VALUES
('s1','Student@123','Student',1),
('s2','Student@123','Student',2),
('s3','Student@123','Student',3),
('s4','Student@123','Student',4),
('s5','Student@123','Student',5),
('s6','Student@123','Student',6),
('s7','Student@123','Student',7),
('s8','Student@123','Student',8),
('s9','Student@123','Student',9),
('s10','Student@123','Student',10),
('s11','Student@123','Student',11),
('s12','Student@123','Student',12),
('s13','Student@123','Student',13),
('s14','Student@123','Student',14),
('s15','Student@123','Student',15),
('s16','Student@123','Student',16),
('s17','Student@123','Student',17),
('s18','Student@123','Student',18),
('s19','Student@123','Student',19),
('s20','Student@123','Student',20),
('s21','Student@123','Student',21),
('s22','Student@123','Student',22),
('s23','Student@123','Student',23),
('s24','Student@123','Student',24),
('s25','Student@123','Student',25),
('s26','Student@123','Student',26),
('s27','Student@123','Student',27),
('s28','Student@123','Student',28),
('s29','Student@123','Student',29),
('s30','Student@123','Student',30),
('s31','Student@123','Student',31),
('s32','Student@123','Student',32),
('s33','Student@123','Student',33),
('s34','Student@123','Student',34),
('s35','Student@123','Student',35),
('s36','Student@123','Student',36),
('s37','Student@123','Student',37),
('s38','Student@123','Student',38),
('s39','Student@123','Student',39),
('s40','Student@123','Student',40),
('s41','Student@123','Student',41),
('s42','Student@123','Student',42),
('s43','Student@123','Student',43),
('s44','Student@123','Student',44),
('s45','Student@123','Student',45),
('s46','Student@123','Student',46),
('s47','Student@123','Student',47),
('s48','Student@123','Student',48),
('s49','Student@123','Student',49),
('s50','Student@123','Student',50),
('s51','Student@123','Student',51),
('s52','Student@123','Student',52),
('s53','Student@123','Student',53),
('s54','Student@123','Student',54),
('s55','Student@123','Student',55),
('s56','Student@123','Student',56),
('s57','Student@123','Student',57),
('s58','Student@123','Student',58),
('s59','Student@123','Student',59),
('s60','Student@123','Student',60),
('s61','Student@123','Student',61),
('s62','Student@123','Student',62),
('s63','Student@123','Student',63),
('s64','Student@123','Student',64),
('s65','Student@123','Student',65),
('s66','Student@123','Student',66),
('s67','Student@123','Student',67),
('s68','Student@123','Student',68),
('s69','Student@123','Student',69),
('s70','Student@123','Student',70),
('s71','Student@123','Student',71),
('s72','Student@123','Student',72),
('s73','Student@123','Student',73),
('s74','Student@123','Student',74),
('s75','Student@123','Student',75),
('s76','Student@123','Student',76),
('s77','Student@123','Student',77),
('s78','Student@123','Student',78),
('s79','Student@123','Student',79),
('s80','Student@123','Student',80),
('s81','Student@123','Student',81),
('s82','Student@123','Student',82),
('s83','Student@123','Student',83),
('s84','Student@123','Student',84),
('s85','Student@123','Student',85),
('s86','Student@123','Student',86),
('s87','Student@123','Student',87),
('s88','Student@123','Student',88),
('s89','Student@123','Student',89),
('s90','Student@123','Student',90),
('s91','Student@123','Student',91),
('s92','Student@123','Student',92),
('s93','Student@123','Student',93),
('s94','Student@123','Student',94),
('s95','Student@123','Student',95),
('s96','Student@123','Student',96),
('s97','Student@123','Student',97),
('s98','Student@123','Student',98),
('s99','Student@123','Student',99),
('s100','Student@123','Student',100),
('s101','Student@123','Student',101),
('s102','Student@123','Student',102),
('s103','Student@123','Student',103),
('s104','Student@123','Student',104),
('s105','Student@123','Student',105),
('s106','Student@123','Student',106),
('s107','Student@123','Student',107),
('s108','Student@123','Student',108),
('s109','Student@123','Student',109),
('s110','Student@123','Student',110),
('s111','Student@123','Student',111),
('s112','Student@123','Student',112),
('s113','Student@123','Student',113),
('s114','Student@123','Student',114),
('s115','Student@123','Student',115),
('s116','Student@123','Student',116),
('s117','Student@123','Student',117),
('s118','Student@123','Student',118),
('s119','Student@123','Student',119),
('s120','Student@123','Student',120),
('s121','Student@123','Student',121),
('s122','Student@123','Student',122),
('s123','Student@123','Student',123),
('s124','Student@123','Student',124),
('s125','Student@123','Student',125),
('s126','Student@123','Student',126),
('s127','Student@123','Student',127),
('s128','Student@123','Student',128),
('s129','Student@123','Student',129),
('s130','Student@123','Student',130),
('s131','Student@123','Student',131),
('s132','Student@123','Student',132),
('s133','Student@123','Student',133),
('s134','Student@123','Student',134),
('s135','Student@123','Student',135),
('s136','Student@123','Student',136),
('s137','Student@123','Student',137),
('s138','Student@123','Student',138),
('s139','Student@123','Student',139),
('s140','Student@123','Student',140),
('s141','Student@123','Student',141),
('s142','Student@123','Student',142),
('s143','Student@123','Student',143),
('s144','Student@123','Student',144),
('s145','Student@123','Student',145),
('s146','Student@123','Student',146),
('s147','Student@123','Student',147),
('s148','Student@123','Student',148),
('s149','Student@123','Student',149),
('s150','Student@123','Student',150),
('s151','Student@123','Student',151),
('s152','Student@123','Student',152),
('s153','Student@123','Student',153),
('s154','Student@123','Student',154),
('s155','Student@123','Student',155),
('s156','Student@123','Student',156),
('s157','Student@123','Student',157),
('s158','Student@123','Student',158),
('s159','Student@123','Student',159),
('s160','Student@123','Student',160);
